"Objektid","Versjonsid","Startdato","Sluttdato","Sist modifisert","Fylkesnavn","Kommunenavn","Fylke","Kommune","Vegkategori","Status","Vegnummer","Hovedparsell","Fra meter","Til meter","Strekningslengde","Alternativ uhellskode","Alvorligste skadegrad","Anmeldelsesnummer","Antall alvorlig skadet","Antall drepte i ulykken","Antall enheter","Antall kjørefelt","Antall lettere skadet","Antall meget alvorlig skadet","Bebyggelse","Behandlende politidistrikt","Beskrivelse","Dekketype","Fartsgrense","Felttype","Føreforhold","Geometri, punkt","Historisk hp","Historisk kilometerverdi","Historisk vegkategori","Historisk vegnummer","Historisk vegstatus","Kilde for ulykken","Kommunenr","Lysforhold","Meldingsdato","Midtdeler","Ok SSB","Oppgitt antall skadde","PunktTilknytning","Registrering status","Registreringsdato for fagdata","Stedfestingens nøyaktighet","Stedsbeskrivelse","Stedsforhold","Temperatur","Uhell kategori","Uhellskode","Ukedag","Ulykke registrert av","Ulykkesdato","Ulykkestidspunkt","Vegbredde","Vegnavn","Vegtype","Værforhold"
"374980820","1","2014-10-26","2019-09-01","2014-04-10 13:38:53","OSLO","OSLO","3","0","E","V","18","2","723","","0.0","","Uskadd","","0","0","2","3","0","0","Utenfor tettbebyggelse","","","Asfalt, oljegrus","70","Vanlig kjørefelt","Tørr, bar veg","POINT (262671.0 6648461.8)","2","723","Europaveg","18","Eksisterende veg","","301","Mørkt med vegbelysning","","Nei","","2","","","2014-04-10","Nøyaktig","","Tunnel (primært for motorkjøretøy)","","Bilulykke","Kjøring i parallelle kjørefelter forøvrig","Tirsdag","","2013-01-22","05:21","","","Motorveg","God sikt, opphold"
"561627840","1","2014-10-26","2019-09-01","2014-11-19 16:00:44","OSLO","OSLO","3","0","E","V","18","2","939","","0.0","","Lettere skadd","","0","0","4","3","2","0","Utenfor tettbebyggelse","","","Asfalt, oljegrus","70","Vanlig kjørefelt","Tørr, bar veg","POINT (262476.8 6648554.7)","2","939","Europaveg","18","Eksisterende veg","","301","Mørkt med vegbelysning","","Nei","","2","","","2014-11-19","Nøyaktig","","Tunnel (primært for motorkjøretøy)","20","Bilulykke","Påkjøring bakfra","Tirsdag","","2014-08-19","07:41","12.0","Operatunnelen","Motortrafikkveg","God sikt, opphold"
"569836930","1","2015-01-12","2019-09-01","2015-01-22 17:03:05","OSLO","OSLO","3","0","E","V","18","2","1088","","0.0","","Uskadd","","0","0","2","6","0","0","Utenfor tettbebyggelse","","","Asfalt, oljegrus","70","Vanlig kjørefelt","Tørr, bar veg","POINT (262342.8 6648622.2)","2","1088","Europaveg","18","Eksisterende veg","","301","Mørkt med vegbelysning","","Ja","","2","","","2015-01-22","Tilnærmet","","Tunnel (primært for motorkjøretøy)","","Bilulykke","Uhell med uklart forløp mellom kjøretøy med samme kjøreretning","Tirsdag","","2014-09-30","16:37","26.2","v/ Bjørvika","Motorveg","God sikt, opphold"
"267613287","1","2014-10-26","2019-09-01","2013-10-01 08:48:43","OSLO","OSLO","3","0","E","V","18","2","1412","","0.0","","Lettere skadd","","0","0","2","6","1","0","Utenfor tettbebyggelse","","","Asfalt, oljegrus","50","Vanlig kjørefelt","Tørr, bar veg","POINT (262033.2 6648665.3)","2","1412","Europaveg","18","Eksisterende veg","","301","Mørkt med vegbelysning","","Nei","","1","","","2011-02-08","Nøyaktig","","Tunnel (primært for motorkjøretøy)","16","Bilulykke","Uhell med uklart forløp / uhell som ikke faller inn under noen bestemt uh.kode","Mandag","","2010-09-06","18:33","","V/innkjøring til Festningstunnelen retn vest","Motorveg","God sikt, opphold"
"121814840","1","2014-10-26","2019-09-01","2014-11-27 13:26:54","OSLO","OSLO","3","0","E","V","18","2","1438","","0.0","","Lettere skadd","","0","0","1","6","1","0","Utenfor tettbebyggelse","","","Asfalt, oljegrus","60","Vanlig kjørefelt","Våt, bar veg","POINT (262021.0 6648660.0)","2","1463","Europaveg","18","Eksisterende veg","","301","Dagslys","","Nei","","","","","2009-03-19","Nøyaktig","","Tunnel (primært for motorkjøretøy)","15","Bilulykke","Enslig kjøretøy kjørte utfor på venstre side i høyrekurve","Lørdag","","2006-09-30","16:40","20.8","I begynnelsen av Festningstunnelen vestgående retn","Motortrafikkveg","God sikt, nedbør"
"264592501","1","2014-10-26","2019-09-01","2014-11-27 13:26:54","OSLO","OSLO","3","0","E","V","18","2","1440","","0.0","","Lettere skadd","","0","0","1","6","1","0","Utenfor tettbebyggelse","","","Asfalt, oljegrus","60","Vanlig kjørefelt","Tørr, bar veg","POINT (262000.3 6648661.7)","2","1440","Europaveg","18","Eksisterende veg","","301","Tussmørke, skumring","","Nei","","1","","","2011-03-15","Nøyaktig","","Tunnel (primært for motorkjøretøy)","11","Bilulykke","Enslig kjøretøy kjørte utfor på venstre side i høyrekurve","Søndag","","2010-08-29","09:04","20.8","70 m inn i vestgående løp i Festningstunnelen","Motorveg","God sikt, opphold"
"86445624","1","2014-10-26","2019-09-01","2014-11-27 13:26:54","OSLO","OSLO","3","0","E","V","18","2","1440","","0.0","","Lettere skadd","","0","0","1","","1","0","Ukjent","","","Asfalt, oljegrus","70","Ukjent","Våt, bar veg","","2","1465","Europaveg","18","Eksisterende veg","","301","Mørkt med vegbelysning","","","","","","","1996-05-12","","","Ukjent","","Bilulykke","Enslig kjøretøy kjørte utfor på venstre side i høyrekurve","Torsdag","","1995-07-20","20:18","","","Vanlig veg/gate","God sikt, nedbør"
"200912934","1","2014-10-26","2019-09-01","2014-11-27 13:26:54","OSLO","OSLO","3","0","E","V","18","2","1442","","0.0","","Lettere skadd","","0","0","2","6","2","0","Utenfor tettbebyggelse","","","Asfalt, oljegrus","60","Vanlig kjørefelt","Tørr, bar veg","POINT (262029.3 6648655.7)","2","1467","Europaveg","18","Eksisterende veg","","301","Mørkt med vegbelysning","","Nei","","2","","","2009-01-30","Nøyaktig","","Tunnel (primært for motorkjøretøy)","","Bilulykke","Skifte av felt til venstre","Søndag","","2008-10-12","20:47","20.8","Festningstunnellen østgående løp v/utkjøring","Motorveg","God sikt, opphold"
"86441318","1","2014-10-26","2019-09-01","2014-11-27 13:26:54","OSLO","OSLO","3","0","E","V","18","2","1453","","0.0","","Lettere skadd","","0","0","2","7","2","0","Innenfor tettbebyggelse","","","Asfalt, oljegrus","50","Vanlig kjørefelt","Våt, bar veg","","2","1480","Europaveg","18","Eksisterende veg","","301","Dagslys","","","","","","","1996-11-11","","","Vegstrekning utenfor kryss/avkjørsel","","Bilulykke","Påkjøring bakfra","Onsdag","","1996-05-29","17:00","20.4","Bispegata, ca.50m øst for Oslotunnel","Vanlig veg/gate","God sikt, opphold"
"136254544","1","2014-10-26","2019-09-01","2014-11-27 13:26:54","OSLO","OSLO","3","0","E","V","18","2","1457","","0.0","","Drept","","0","1","2","6","0","0","Ukjent","","","Asfalt, oljegrus","70","Vanlig kjørefelt","Tørr, bar veg","POINT (262010.0 6648664.0)","2","1484","Europaveg","18","Eksisterende veg","","301","Mørkt med vegbelysning","","Nei","","","","","2007-06-27","Nøyaktig","","Tunnel (primært for motorkjøretøy)","","Mc ulykke","Kjøring i parallelle kjørefelter forøvrig","Onsdag","","2007-06-13","16:48","20.8","Ca 70 m inn i Festningstunnelen vestgående retn","Motorveg","God sikt, opphold"
"119372972","1","2014-10-26","2019-09-01","2014-11-27 13:26:54","OSLO","OSLO","3","0","E","V","18","2","1504","","0.0","","Lettere skadd","","0","0","2","6","1","0","Utenfor tettbebyggelse","","","Asfalt, oljegrus","70","Vanlig kjørefelt","Tørr, bar veg","POINT (261951.0 6648654.0)","2","1537","Europaveg","18","Eksisterende veg","","301","Ukjent","","Nei","","1","","","2007-06-18","Nøyaktig","","Tunnel (primært for motorkjøretøy)","","Bilulykke","Uhell med uklart forløp mellom kjøretøy med samme kjøreretning","Onsdag","","2006-10-18","10:14","19.9","Festningstunnellen, østgående. Like før utgangen","Motorveg",""
"522820023","1","2014-10-26","2019-09-01","2014-11-27 13:26:54","OSLO","OSLO","3","0","E","V","18","2","1512","","0.0","","Lettere skadd","","0","0","2","6","1","0","Utenfor tettbebyggelse","","","Asfalt, oljegrus","70","Vanlig kjørefelt","Tørr, bar veg","POINT (261927.2 6648654.5)","2","1512","Europaveg","18","Eksisterende veg","","301","","","Nei","","2","","","2014-06-26","Nøyaktig","","Tunnel (primært for motorkjøretøy)","","Bilulykke","Påkjøring bakfra","Onsdag","","2014-05-28","14:26","19.9","I Festningstunellen","Motorveg","Ukjent"
"146436845","1","2014-10-26","2019-09-01","2014-11-27 13:26:54","OSLO","OSLO","3","0","E","V","18","2","1523","","0.0","","Lettere skadd","","0","","3","6","1","0","Utenfor tettbebyggelse","","","Asfalt, oljegrus","70","Vanlig kjørefelt","Våt, bar veg","POINT (261931.0 6648671.0)","2","1558","Europaveg","18","Eksisterende veg","","301","Dagslys","","Nei","","","","","2007-10-17","Nøyaktig","","Tunnel (primært for motorkjøretøy)","10","Bilulykke","Påkjøring bakfra","Søndag","","2007-09-16","11:42","19.9","Festningstunnelen vestg. Ca 150 m inn","Motorveg","God sikt, nedbør"
"114337327","1","2014-10-26","2019-09-01","2014-11-27 13:26:54","OSLO","OSLO","3","0","E","V","18","2","1534","","0.0","","Lettere skadd","","0","0","1","6","1","0","Utenfor tettbebyggelse","","","Asfalt, oljegrus","60","Vanlig kjørefelt","Tørr, bar veg","POINT (261920.0 6648674.0)","2","1570","Europaveg","18","Eksisterende veg","","301","Dagslys","","Ja","","","","","2007-04-12","Nøyaktig","","Tunnel (primært for motorkjøretøy)","25","Mc ulykke","Enslig kjøretøy veltet i kjørebanen","Fredag","","2006-07-28","17:25","19.9","E18 vestgående ca 150 m inn i Festningstunnelen","Vanlig veg/gate","God sikt, opphold"
"204216125","1","2014-10-26","2019-09-01","2014-11-27 13:26:54","OSLO","OSLO","3","0","E","V","18","2","1555","","0.0","","Lettere skadd","","0","0","2","6","2","0","Utenfor tettbebyggelse","","","Asfalt, oljegrus","70","Vanlig kjørefelt","Tørr, bar veg","POINT (261894.8 6648659.4)","2","1594","Europaveg","18","Eksisterende veg","","301","Mørkt med vegbelysning","","Nei","","2","","","2009-01-12","Nøyaktig","","Tunnel (primært for motorkjøretøy)","3","Bilulykke","Kjøring i parallelle kjørefelter forøvrig","Onsdag","","2008-11-26","10:45","21.0","Festningstunnelen østgående, rett før utløpet","Motorveg","God sikt, opphold"
"86409012","1","2014-10-26","2019-09-01","2014-11-27 13:26:54","OSLO","OSLO","3","0","E","V","18","2","1560","","0.0","","Lettere skadd","","0","0","1","6","2","0","Utenfor tettbebyggelse","","","Asfalt, oljegrus","70","Vanlig kjørefelt","Våt, bar veg","","2","1600","Europaveg","18","Eksisterende veg","","301","Mørkt med vegbelysning","","","","","","","1999-02-08","","","Tunnel (primært for motorkjøretøy)","6","Bilulykke","Enslig kjøretøy kjørte utfor på høyre side i høyrekurve","Tirsdag","","1998-06-02","06:20","21.0","E18 Festningstunnelen retn v","Motorveg","God sikt, opphold"
"86434028","1","2014-10-26","2019-09-01","2014-11-27 13:26:54","OSLO","OSLO","3","0","E","V","18","2","1560","","0.0","","Lettere skadd","","0","0","2","6","1","0","Utenfor tettbebyggelse","","","Asfalt, oljegrus","70","Vanlig kjørefelt","Tørr, bar veg","","2","1600","Europaveg","18","Eksisterende veg","","301","Mørkt med vegbelysning","","","","","","","1997-08-22","","","Tunnel (primært for motorkjøretøy)","20","Bilulykke","Skifte av felt til høyre","Torsdag","","1997-07-31","15:46","21.0","Oslotunnellen","Motorveg","God sikt, opphold"
"86401401","1","2014-10-26","2019-09-01","2014-11-27 13:26:54","OSLO","OSLO","3","0","E","V","18","2","1560","","0.0","","Lettere skadd","","0","0","1","6","1","0","Utenfor tettbebyggelse","","","Asfalt, oljegrus","70","Vanlig kjørefelt","Tørr, bar veg","","2","1600","Europaveg","18","Eksisterende veg","","301","Mørkt med vegbelysning","","","","","","","2000-05-22","","","Tunnel (primært for motorkjøretøy)","5","Bilulykke","Enslig kjøretøy veltet i kjørebanen","Onsdag","","2000-04-12","10:10","21.3","Festningetunnelen vestg retn","Motorveg","God sikt, opphold"
"114362126","1","2014-10-26","2019-09-01","2014-11-27 13:26:54","OSLO","OSLO","3","0","E","V","18","2","1573","","0.0","","Lettere skadd","","0","0","1","6","1","0","Utenfor tettbebyggelse","","","Asfalt, oljegrus","70","Vanlig kjørefelt","Våt, bar veg","POINT (261906.0 6648683.0)","2","1614","Europaveg","18","Eksisterende veg","","301","Mørkt med vegbelysning","","Ja","","","","","2007-03-08","Nøyaktig","","Tunnel (primært for motorkjøretøy)","","Bilulykke","Enslig kjøretøy kjørte utfor på venstre side i høyrekurve","Søndag","","2006-04-09","13:34","21.3","Festningstunnel vestgående, omtrent ved inng","Vanlig veg/gate","God sikt, nedbør"
"86410162","1","2014-10-26","2019-09-01","2014-11-27 13:26:54","OSLO","OSLO","3","0","E","V","18","2","1587","","0.0","","Lettere skadd","","0","0","2","6","1","0","Utenfor tettbebyggelse","","","Asfalt, oljegrus","70","Vanlig kjørefelt","Tørr, bar veg","","2","1630","Europaveg","18","Eksisterende veg","","301","Mørkt med vegbelysning","","","","","","","1998-12-07","","","Tunnel (primært for motorkjøretøy)","7","Bilulykke","Påkjøring bakfra","Fredag","","1998-10-02","19:15","20.6","E18, Festningstunnelen","Vanlig veg/gate","God sikt, opphold"
"86373847","1","2014-10-26","2019-09-01","2014-11-27 13:26:54","OSLO","OSLO","3","0","E","V","18","2","1587","","0.0","","Lettere skadd","","0","0","2","6","1","0","Utenfor tettbebyggelse","","","Asfalt, oljegrus","70","Vanlig kjørefelt","Tørr, bar veg","POINT (261858.905273438 6648688.58398438)","2","1630","Europaveg","18","Eksisterende veg","","301","Dagslys","","","","","","","2005-10-27","","","Tunnel (primært for motorkjøretøy)","0","Bilulykke","Kjøring i parallelle kjørefelter forøvrig","Tirsdag","","2005-06-21","09:07","18.0","Festningstunnelen østgående.","Motorveg","God sikt, opphold"
"86408653","1","2014-10-26","2019-09-01","2014-11-27 13:26:54","OSLO","OSLO","3","0","E","V","18","2","1592","","0.0","","Lettere skadd","","0","0","1","6","2","0","Utenfor tettbebyggelse","","","Asfalt, oljegrus","70","Vanlig kjørefelt","Våt, bar veg","","2","1635","Europaveg","18","Eksisterende veg","","301","Mørkt med vegbelysning","","","","","","","2001-07-20","","","Tunnel (primært for motorkjøretøy)","","Bilulykke","Enslig kjøretøy kjørte på trafikkøy eller ende av midtdeler","Fredag","","1999-01-01","21:16","21.8","Festningstunnelen v/avkjøring til Skippergt","Motorveg","God sikt, opphold"
"86437632","1","2014-10-26","2019-09-01","2014-11-27 13:26:54","OSLO","OSLO","3","0","E","V","18","2","1605","","0.0","","Alvorlig skadd","","1","0","2","6","0","0","Utenfor tettbebyggelse","","","Asfalt, oljegrus","70","Vanlig kjørefelt","Ukjent","","2","1650","Europaveg","18","Eksisterende veg","","301","Mørkt med vegbelysning","","","","","","","1997-02-11","","","Tunnel (primært for motorkjøretøy)","","Bilulykke","Påkjøring bakfra","Torsdag","","1996-03-14","08:30","20.8","Oslotunellen østg. løp. Ved avkj. til Danskebåten.","Vanlig veg/gate","Ukjent"
"86437637","1","2014-10-26","2019-09-01","2014-11-27 13:26:54","OSLO","OSLO","3","0","E","V","18","2","1605","","0.0","","Lettere skadd","","0","0","2","6","3","0","Utenfor tettbebyggelse","","","Asfalt, oljegrus","70","Svingefelt venstre / høyre","Tørr, bar veg","","2","1650","Europaveg","18","Eksisterende veg","","301","Mørkt med vegbelysning","","","","","","","1997-02-12","","","Annet kryss","","Bilulykke","Påkjøring bakfra","Mandag","","1996-03-11","20:29","20.8","Oslotunellen østg. avkjøringen til Danskebåten.","Vanlig veg/gate","God sikt, opphold"
"86381619","1","2014-10-26","2019-09-01","2014-11-27 13:26:54","OSLO","OSLO","3","0","E","V","18","2","1623","","0.0","","Lettere skadd","","0","0","1","7","1","0","Utenfor tettbebyggelse","","","Asfalt, oljegrus","70","Vanlig kjørefelt","Tørr, bar veg","","2","1670","Europaveg","18","Eksisterende veg","","301","Mørkt med vegbelysning","","","","","","","2004-04-15","","","Tunnel (primært for motorkjøretøy)","5","Bilulykke","Enslig kjøretøy kjørte på trafikkøy eller ende av midtdeler","Onsdag","","2003-11-05","07:56","24.1","E18 Festningstunnelen retn øst v/avkj.til Skipperg","Motorveg","God sikt, opphold"
"86377364","1","2014-10-26","2019-09-01","2014-11-27 13:26:54","OSLO","OSLO","3","0","E","V","18","2","1641","","0.0","","Lettere skadd","","0","0","2","3","3","0","Utenfor tettbebyggelse","","","Asfalt, oljegrus","70","Vanlig kjørefelt","Tørr, bar veg","POINT (261807.709289551 6648702.92382813)","2","1690","Europaveg","18","Eksisterende veg","","301","Dagslys","","","","","","","2004-12-14","","","Vegstrekning utenfor kryss/avkjørsel","20","Bilulykke","Skifte av felt til høyre","Mandag","","2004-08-09","11:56","","E18,Festningstunn. r.vest ca.275m inn i tunnelen","Motorveg","God sikt, opphold"
"86389354","1","2014-10-26","2019-09-01","2014-11-27 13:26:54","OSLO","OSLO","3","0","E","V","18","2","1650","","0.0","","Alvorlig skadd","","1","0","1","7","0","0","Utenfor tettbebyggelse","","","Asfalt, oljegrus","70","Vanlig kjørefelt","Tørr, bar veg","","2","1700","Europaveg","18","Eksisterende veg","","301","Mørkt med vegbelysning","","","","","","","2002-07-08","","","Tunnel (primært for motorkjøretøy)","","Bilulykke","Enslig kjøretøy kjørte utfor på høyre side i venstrekurve","Tirsdag","","2002-06-18","07:56","22.7","Festningstunnelen retn øst","Motorveg","God sikt, opphold"
"130459138","1","2014-10-26","2019-09-01","2014-11-27 13:26:54","OSLO","OSLO","3","0","E","V","18","2","1662","","0.0","","Lettere skadd","","0","0","4","6","2","0","Utenfor tettbebyggelse","","","Asfalt, oljegrus","70","Vanlig kjørefelt","Våt, bar veg","POINT (261777.0 6648694.0)","2","1712","Europaveg","18","Eksisterende veg","","301","Mørkt med vegbelysning","","Ja","","2","","","2007-06-28","Nøyaktig","","Tunnel (primært for motorkjøretøy)","","Bilulykke","Påkjøring bakfra","Onsdag","","2007-02-14","13:07","21.5","Festningstunnelen østgående v/avkj til Skippergt","Motorveg","God sikt, opphold"
"86370452","1","2014-10-26","2019-09-01","2014-11-27 13:26:54","OSLO","OSLO","3","0","E","V","18","2","1673","","0.0","","Lettere skadd","","0","0","2","2","1","0","Utenfor tettbebyggelse","","","Asfalt, oljegrus","70","Vanlig kjørefelt","Delvis snø / isbelagt veg","POINT (261774.157958984 6648711.109375)","2","1723","Europaveg","18","Eksisterende veg","","301","Mørkt med vegbelysning","","","","","","","2006-03-16","","","Tunnel (primært for motorkjøretøy)","2","Bilulykke","Påkjøring bakfra","Onsdag","","2005-12-21","23:30","9.0","Festningstunellen","Vanlig veg/gate","God sikt, opphold"
"328662550","1","2014-10-26","2019-09-01","2014-11-27 13:26:54","OSLO","OSLO","3","0","E","V","18","2","1673","","0.0","","Lettere skadd","","0","0","2","6","1","0","Utenfor tettbebyggelse","","","Asfalt, oljegrus","70","Vanlig kjørefelt","Tørr, bar veg","POINT (261770.4 6648705.3)","2","1673","Europaveg","18","Eksisterende veg","","301","Mørkt med vegbelysning","","Nei","","1","","","2013-03-06","Tilnærmet","","Tunnel (primært for motorkjøretøy)","12","Bilulykke","Påkjøring bakfra","Tirsdag","","2012-03-20","15:25","21.7","v/ Bjørvika","Motorveg","God sikt, opphold"
"140850798","1","2014-10-26","2019-09-01","2014-11-27 13:26:54","OSLO","OSLO","3","0","E","V","18","2","1725","","0.0","","Lettere skadd","","0","0","2","6","1","0","Utenfor tettbebyggelse","","","Asfalt, oljegrus","70","Vanlig kjørefelt","Tørr, bar veg","POINT (261748.0 6648757.0)","2","1775","Europaveg","18","Eksisterende veg","","301","","","Nei","","1","","","2008-02-14","Nøyaktig","","Tunnel (primært for motorkjøretøy)","","Bilulykke","Skifte av felt til høyre","Tirsdag","","2007-06-05","15:06","20.9","E18 Festningstunnelen retn vest ca500m inn","Motorveg","God sikt, opphold"
"160071478","1","2014-10-26","2019-09-01","2014-11-27 13:26:54","OSLO","OSLO","3","0","E","V","18","2","1726","","0.0","","Lettere skadd","","0","0","2","6","1","0","Utenfor tettbebyggelse","","","Asfalt, oljegrus","70","Vanlig kjørefelt","","POINT (261729.0 6648742.0)","2","1776","Europaveg","18","Eksisterende veg","","301","","","Ja","","1","","","2008-09-18","Nøyaktig","","Tunnel (primært for motorkjøretøy)","","Bilulykke","Påkjøring bakfra","Fredag","","2008-03-14","15:12","20.9","Festningstunnelen","Motorveg",""
"128466590","1","2014-10-26","2019-09-01","2014-11-27 13:26:54","OSLO","OSLO","3","0","E","V","18","2","1730","","0.0","","Lettere skadd","","0","0","1","6","4","0","Utenfor tettbebyggelse","","","Asfalt, oljegrus","70","Vanlig kjørefelt","Tørr, bar veg","POINT (261735.0 6648753.0)","2","1780","Europaveg","18","Eksisterende veg","","301","Mørkt med vegbelysning","","Nei","","","","","2007-03-27","Tilnærmet","","Tunnel (primært for motorkjøretøy)","5","Bilulykke","Enslig kjøretøy kjørte utfor på venstre side i høyrekurve","Fredag","","2006-03-31","19:27","20.9","E18 vestgående i Festningstunnelen","Vanlig veg/gate","Ukjent"
"86379766","1","2014-10-26","2019-09-01","2014-11-27 13:26:54","OSLO","OSLO","3","0","E","V","18","2","1735","","0.0","","Lettere skadd","","0","0","5","6","3","0","Utenfor tettbebyggelse","","","Asfalt, oljegrus","70","Vanlig kjørefelt","Våt, bar veg","POINT (261748.569274902 6648764.88964844)","2","1785","Europaveg","18","Eksisterende veg","","301","Dagslys","","","","","","","2004-09-02","","","Tunnel (primært for motorkjøretøy)","","Bilulykke","Påkjøring bakfra","Torsdag","","2004-02-12","09:26","","Festningstunnelen vestgående, 350 m inn i tunnel","Motorveg","God sikt, opphold"
"86437683","1","2014-10-26","2019-09-01","2014-11-27 13:26:54","OSLO","OSLO","3","0","E","V","18","2","1780","","0.0","","Lettere skadd","","0","0","2","6","1","0","Utenfor tettbebyggelse","","","Asfalt, oljegrus","70","Vanlig kjørefelt","Våt, bar veg","","2","1830","Europaveg","18","Eksisterende veg","","301","Mørkt med vegbelysning","","","","","","","1997-02-10","","","Tunnel (primært for motorkjøretøy)","","Bilulykke","Påkjøring av forankjørende ved skifte av felt til høyre","Onsdag","","1996-01-10","18:10","20.6","Oslo-tunellen, østg. løp, 200m v. avkj. sentr. syd","Vanlig veg/gate","God sikt, opphold"
"86409833","1","2014-10-26","2019-09-01","2014-11-27 13:26:54","OSLO","OSLO","3","0","E","V","18","2","1800","","0.0","","Lettere skadd","","0","0","1","6","1","0","Utenfor tettbebyggelse","","","Asfalt, oljegrus","70","Vanlig kjørefelt","Tørr, bar veg","","2","1850","Europaveg","18","Eksisterende veg","","301","Mørkt med vegbelysning","","","","","","","1998-12-21","","","Tunnel (primært for motorkjøretøy)","3","Bilulykke","Enslig kjøretøy kjørte utfor på høyre side på rett vegstrekning","Tirsdag","","1998-11-03","09:50","20.6","Festningstunnelen østgående","Motorveg","God sikt, opphold"
"86437569","1","2014-10-26","2019-09-01","2014-11-27 13:26:54","OSLO","OSLO","3","0","E","V","18","2","1835","","0.0","","Lettere skadd","","0","0","2","6","1","0","Utenfor tettbebyggelse","","","Asfalt, oljegrus","70","Vanlig kjørefelt","Tørr, bar veg","","2","1885","Europaveg","18","Eksisterende veg","","301","Mørkt med vegbelysning","","","","","","","1997-02-17","","","Vegstrekning utenfor kryss/avkjørsel","2","Bilulykke","Skifte av felt til høyre","Tirsdag","","1996-02-13","19:20","21.3","Oslotunellen østg. løp, 250m før avkj. Sentr. vest","Motorveg","Ukjent"
"86374037","1","2014-10-26","2019-09-01","2014-11-27 13:26:54","OSLO","OSLO","3","0","E","V","18","2","1840","","0.0","","Lettere skadd","","0","0","1","3","1","0","Utenfor tettbebyggelse","","","Asfalt, oljegrus","70","Vanlig kjørefelt","Våt, bar veg","POINT (261689.952331543 6648865.91455078)","2","1890","Europaveg","18","Eksisterende veg","","301","Mørkt med vegbelysning","","","","","","","2005-10-12","","","Tunnel (primært for motorkjøretøy)","2","Bilulykke","Enslig kjøretøy kjørte utfor på venstre side i høyrekurve","Lørdag","","2005-03-12","01:20","9.0","E 18, vestgående, 100 m inn i","Motorveg","God sikt, opphold"
"86434780","1","2014-10-26","2019-09-01","2014-11-27 13:26:54","OSLO","OSLO","3","0","E","V","18","2","1850","","0.0","","Lettere skadd","","0","0","2","6","1","0","Utenfor tettbebyggelse","","","Asfalt, oljegrus","70","Vanlig kjørefelt","Ukjent","","2","1900","Europaveg","18","Eksisterende veg","","301","Mørkt med vegbelysning","","","","","","","1997-07-31","","","Tunnel (primært for motorkjøretøy)","","Bilulykke","Uhell med uklart forløp mellom kjøretøy med samme kjøreretning","Fredag","","1997-05-16","15:00","21.0","Oslotunnellen østgående løp","Vanlig veg/gate","Ukjent"
"86431451","1","2014-10-26","2019-09-01","2014-11-27 13:26:54","OSLO","OSLO","3","0","E","V","18","2","1850","","0.0","","Lettere skadd","","0","0","2","6","1","0","Utenfor tettbebyggelse","","","Asfalt, oljegrus","70","Vanlig kjørefelt","Tørr, bar veg","","2","1900","Europaveg","18","Eksisterende veg","","301","Mørkt med vegbelysning","","","","","","","1997-12-12","","","Tunnel (primært for motorkjøretøy)","","Bilulykke","Påkjøring bakfra","Onsdag","","1997-01-15","06:40","21.1","Oslotunnelen retn. øst","Motorveg","Ukjent"
"86411965","1","2014-10-26","2019-09-01","2014-11-27 13:26:54","OSLO","OSLO","3","0","E","V","18","2","1850","","0.0","","Alvorlig skadd","","1","0","1","6","0","0","Utenfor tettbebyggelse","","","Asfalt, oljegrus","70","Vanlig kjørefelt","Glatt ellers","","2","1900","Europaveg","18","Eksisterende veg","","301","Mørkt med vegbelysning","","","","","","","1998-08-28","","","Tunnel (primært for motorkjøretøy)","15","Bilulykke","Enslig kjøretøy kjørte utfor på venstre side i høyrekurve","Tirsdag","","1998-07-07","22:00","21.1","Festningstunnelen","Motorveg","God sikt, nedbør"
"86432411","1","2014-10-26","2019-09-01","2014-11-27 13:26:54","OSLO","OSLO","3","0","E","V","18","2","1850","","0.0","","Lettere skadd","","0","0","2","6","1","0","Utenfor tettbebyggelse","","","Asfalt, oljegrus","70","Vanlig kjørefelt","Ukjent","","2","1900","Europaveg","18","Eksisterende veg","","301","Mørkt med vegbelysning","","","","","","","1997-11-03","","","Tunnel (primært for motorkjøretøy)","","Bilulykke","Påkjøring bakfra","Mandag","","1997-10-06","08:45","21.1","Oslotunnelen retn. vest","Motorveg","God sikt, opphold"
"119372804","1","2014-10-26","2019-09-01","2014-11-27 13:26:54","OSLO","OSLO","3","0","E","V","18","2","1894","","0.0","","Lettere skadd","","0","0","1","3","2","0","Utenfor tettbebyggelse","","","Asfalt, oljegrus","70","Vanlig kjørefelt","Våt, bar veg","POINT (261663.0 6648897.0)","2","1944","Europaveg","18","Eksisterende veg","","301","Mørkt med vegbelysning","","Ja","","","","","2007-03-27","Nøyaktig","","Vegstrekning utenfor kryss/avkjørsel","12","Bilulykke","Enslig kjøretøy kjørte utfor på venstre side i høyrekurve","Fredag","","2006-10-06","20:30","21.1","Festningstunellen i bånn østover","Motorveg","God sikt, nedbør"
"272095272","1","2014-10-26","2019-09-01","2014-11-27 13:26:54","OSLO","OSLO","3","0","E","V","18","2","1900","","0.0","","Lettere skadd","","0","0","1","3","1","0","Utenfor tettbebyggelse","","","Asfalt, oljegrus","70","Vanlig kjørefelt","Våt, bar veg","POINT (261662.6 6648903.3)","2","1900","Europaveg","18","Eksisterende veg","","301","Mørkt med vegbelysning","","Ja","","1","","","2011-02-10","Nøyaktig","","Tunnel (primært for motorkjøretøy)","7","Bilulykke","Enslig kjøretøy kjørte utfor på venstre side i venstrekurve","Onsdag","","2010-11-03","05:45","","Festningstunnelen","Vanlig veg/gate","Ukjent"
"157104391","1","2014-10-26","2019-09-01","2014-11-27 13:26:54","OSLO","OSLO","3","0","E","V","18","2","1908","","0.0","","Lettere skadd","","0","0","2","6","1","0","Utenfor tettbebyggelse","","","Asfalt, oljegrus","70","Vanlig kjørefelt","","POINT (261656.0 6648909.0)","2","1958","Europaveg","18","Eksisterende veg","","301","Mørkt med vegbelysning","","Nei","","2","","","2008-03-26","Tilnærmet","","Tunnel (primært for motorkjøretøy)","","Bilulykke","Påkjøring bakfra","Torsdag","","2008-01-10","15:10","21.1","I Festningstunnelen, inngående","Motorveg",""
"86445570","1","2014-10-26","2019-09-01","2014-11-27 13:26:54","OSLO","OSLO","3","0","E","V","18","2","1910","","0.0","","Lettere skadd","","0","0","2","","2","0","Ukjent","","","Ukjent","70","Ukjent","Ukjent","","2","1960","Europaveg","18","Eksisterende veg","","301","","","","","","","","1996-05-12","","","Ukjent","","Bilulykke","Påkjøring bakfra","Onsdag","","1995-07-26","12:45","","","Vanlig veg/gate","Ukjent"
"86407376","1","2014-10-26","2019-09-01","2014-11-27 13:26:54","OSLO","OSLO","3","0","E","V","18","2","1950","","0.0","","Lettere skadd","","0","0","1","6","2","0","Utenfor tettbebyggelse","","","Asfalt, oljegrus","70","Vanlig kjørefelt","Tørr, bar veg","","2","2000","Europaveg","18","Eksisterende veg","","301","Mørkt med vegbelysning","","","","","","","1999-06-03","","","Tunnel (primært for motorkjøretøy)","8","Bilulykke","Enslig kjøretøy kjørte utfor på høyre side på rett vegstrekning","Tirsdag","","1999-01-26","09:05","20.6","Festningstunnelen, 700 m fra åpning retn vest","Motorveg","God sikt, opphold"
"86398162","1","2014-10-26","2019-09-01","2014-11-27 13:26:54","OSLO","OSLO","3","0","E","V","18","2","1950","","0.0","","Lettere skadd","","0","0","3","6","2","0","Utenfor tettbebyggelse","","","Asfalt, oljegrus","70","Vanlig kjørefelt","Våt, bar veg","","2","2000","Europaveg","18","Eksisterende veg","","301","Mørkt med vegbelysning","","","","","","","2001-01-09","","","Tunnel (primært for motorkjøretøy)","","Bilulykke","Påkjøring bakfra","Onsdag","","2000-11-01","15:45","20.6","Festningstunnelen østg, hvor stigning begynner","Motorveg","Ukjent"
"86460892","1","2014-10-26","2019-09-01","2014-11-27 13:26:54","OSLO","OSLO","3","0","E","V","18","2","1950","","0.0","","Lettere skadd","","0","0","2","","1","0","Utenfor tettbebyggelse","","","Ukjent","70","Ukjent","Tørr, bar veg","","2","2000","Europaveg","18","Eksisterende veg","","301","Mørkt med vegbelysning","","","","","","","","","","Vegstrekning utenfor kryss/avkjørsel","","Bilulykke","Skifte av felt til høyre","Onsdag","","1992-04-22","11:15","","Oslotunnelen","Ukjent","God sikt, opphold"
"86398198","1","2014-10-26","2019-09-01","2014-11-27 13:26:54","OSLO","OSLO","3","0","E","V","18","2","1950","","0.0","","Lettere skadd","","0","0","2","6","2","0","Utenfor tettbebyggelse","","","Asfalt, oljegrus","70","Vanlig kjørefelt","Våt, bar veg","","2","2000","Europaveg","18","Eksisterende veg","","301","Mørkt med vegbelysning","","","","","","","2001-01-10","","","Tunnel (primært for motorkjøretøy)","5","Bilulykke","Påkjøring bakfra","Onsdag","","2000-11-01","15:38","20.6","Festningstunnelen østg, ca der stigning begynner","Motorveg","God sikt, nedbør"
"449328594","1","2014-10-26","2019-09-01","2014-11-27 13:26:54","OSLO","OSLO","3","0","E","V","18","2","1956","","0.0","","Lettere skadd","","0","0","1","6","1","0","Utenfor tettbebyggelse","","","Asfalt, oljegrus","70","Vanlig kjørefelt","Tørr, bar veg","POINT (261651.9 6648958.5)","2","1956","Europaveg","18","Eksisterende veg","","301","Mørkt med vegbelysning","","Nei","","1","","","2014-05-05","Tilnærmet","","Tunnel (primært for motorkjøretøy)","","Bilulykke","Uhell med uklart forløp hvor enslig kjøretøy kjørte utfor vegen","Onsdag","","2013-08-21","19:18","20.9","Operatunnelen","Motorveg","God sikt, opphold"
"86380319","1","2014-10-26","2019-09-01","2014-11-27 13:26:54","OSLO","OSLO","3","0","E","V","18","2","2051","","0.0","","Lettere skadd","","0","0","2","6","4","0","Utenfor tettbebyggelse","","","Asfalt, oljegrus","70","Vanlig kjørefelt","Våt, bar veg","POINT (261629.645263672 6649049.24511719)","2","2100","Europaveg","18","Eksisterende veg","","301","Mørkt med vegbelysning","","","","","","","2004-08-21","","","Tunnel (primært for motorkjøretøy)","","Bilulykke","Påkjøring bakfra","Torsdag","","2004-02-12","15:45","20.8","E18, ca.690m inn i Festningstunnelen retn vest","Motorveg","God sikt, opphold"
"151907914","1","2014-10-26","2019-09-01","2014-11-27 13:26:54","OSLO","OSLO","3","0","E","V","18","2","2053","","0.0","","Lettere skadd","","0","","2","6","1","0","Utenfor tettbebyggelse","","","Asfalt, oljegrus","70","Vanlig kjørefelt","Tørr, bar veg","POINT (261623.0 6649050.0)","2","2102","Europaveg","18","Eksisterende veg","","301","Mørkt med vegbelysning","","Nei","","","","","2007-12-05","Nøyaktig","","Tunnel (primært for motorkjøretøy)","10","Bilulykke","Kjøring i parallelle kjørefelter forøvrig","Lørdag","","2007-11-03","17:43","20.7","Festningstunnelen østgående rett etter bunnen","Motorveg","God sikt, opphold"
"86461600","1","2014-10-26","2019-09-01","2014-11-27 13:26:54","OSLO","OSLO","3","0","E","V","18","2","2061","","0.0","","Lettere skadd","","0","0","2","","1","0","Innenfor tettbebyggelse","","","Ukjent","50","Ukjent","Våt, bar veg","","2","2110","Europaveg","18","Eksisterende veg","","301","Mørkt med vegbelysning","","","","","","","","","","4 armet kryss (X-kryss)","","Fotgjenger eller akende involvert","Fotgjenger krysset kjørebanen foran venstresvingende kjøretøy i kryss","Onsdag","","1992-07-01","23:20","","E18xR.Amund.gt.","Ukjent","Dårlig sikt forøvrig"
"86386984","1","2014-10-26","2019-09-01","2014-11-27 13:26:54","OSLO","OSLO","3","0","E","V","18","2","2126","","0.0","","Drept","","0","1","1","6","0","0","Utenfor tettbebyggelse","","","Asfalt, oljegrus","70","Vanlig kjørefelt","Tørr, bar veg","","2","2175","Europaveg","18","Eksisterende veg","","301","Mørkt med vegbelysning","","","","","","","2003-01-13","","","Tunnel (primært for motorkjøretøy)","4","Bilulykke","Enslig kjøretøy kjørte utfor på høyre side i venstrekurve","Søndag","","2002-12-29","18:28","20.9","Festningstunnelen vestgående, 780 m etter inngang","Motorveg","God sikt, opphold"
"154782005","1","2014-10-26","2019-09-01","2014-11-27 13:26:54","OSLO","OSLO","3","0","E","V","18","2","2126","","0.0","","Lettere skadd","","0","0","3","3","2","0","Utenfor tettbebyggelse","","","Asfalt, oljegrus","70","Vanlig kjørefelt","Tørr, bar veg","POINT (261591.0 6649115.0)","2","2175","Europaveg","18","Eksisterende veg","","301","Mørkt med vegbelysning","","Nei","","2","","","2008-03-04","Nøyaktig","","Vegstrekning utenfor kryss/avkjørsel","","Bilulykke","Påkjøring bakfra","Torsdag","","2007-12-20","13:29","12.0","ca.midt inne i Festningstunnelen i v.felt østgåend","Motorveg","God sikt, opphold"
"119354073","1","2014-10-26","2019-09-01","2014-11-27 13:26:54","OSLO","OSLO","3","0","E","V","18","2","2137","","0.0","","Lettere skadd","","0","0","2","6","1","0","Utenfor tettbebyggelse","","","Asfalt, oljegrus","70","Vanlig kjørefelt","Tørr, bar veg","POINT (261589.0 6649125.0)","2","2186","Europaveg","18","Eksisterende veg","","301","Mørkt med vegbelysning","","Nei","","1","","","2007-04-19","Tilnærmet","","Tunnel (primært for motorkjøretøy)","","Bilulykke","Påkjøring bakfra","Mandag","","2006-08-07","16:15","","E-18 Festningstunnelen østgående","Vanlig veg/gate","God sikt, opphold"
"86436584","1","2014-10-26","2019-09-01","2014-11-27 13:26:54","OSLO","OSLO","3","0","E","V","18","2","2151","","0.0","","Lettere skadd","","0","0","1","6","1","0","Utenfor tettbebyggelse","","","Asfalt, oljegrus","70","Vanlig kjørefelt","Tørr, bar veg","","2","2200","Europaveg","18","Eksisterende veg","","301","Mørkt med vegbelysning","","","","","","","1997-03-21","","","Tunnel (primært for motorkjøretøy)","10","Bilulykke","Enslig kjøretøy kjørte utfor på venstre side på rett vegstrekning","Mandag","","1997-03-03","00:25","20.6","Oslotunellen retning øst.","Motorveg","God sikt, opphold"
"86437653","1","2014-10-26","2019-09-01","2014-11-27 13:26:54","OSLO","OSLO","3","0","E","V","18","2","2176","","0.0","","Lettere skadd","","0","0","2","6","1","0","Utenfor tettbebyggelse","","","Asfalt, oljegrus","70","Vanlig kjørefelt","Tørr, bar veg","","2","2225","Europaveg","18","Eksisterende veg","","301","Mørkt med vegbelysning","","","","","","","1997-02-12","","","Tunnel (primært for motorkjøretøy)","","Bilulykke","Påkjøring av parkert kjøretøy på høyre side","Fredag","","1996-02-23","10:25","20.6","Oslotunellen, 100m ø. for laveste pkt., østg. løp.","Vanlig veg/gate","God sikt, opphold"
"86462618","1","2014-10-26","2019-09-01","2014-11-27 13:26:54","OSLO","OSLO","3","0","E","V","18","2","2201","","0.0","","Lettere skadd","","0","0","2","","1","0","Innenfor tettbebyggelse","","","Ukjent","70","Ukjent","Tørr, bar veg","","2","2250","Europaveg","18","Eksisterende veg","","301","Mørkt med vegbelysning","","","","","","","","","","Vegstrekning utenfor kryss/avkjørsel","","Bilulykke","Skifte av felt til høyre","Fredag","","1992-11-13","17:05","","Oslotunnelen","Ukjent","God sikt, opphold"
"86376318","1","2014-10-26","2019-09-01","2014-11-27 13:26:54","OSLO","OSLO","3","0","E","V","18","2","2201","","0.0","","Lettere skadd","","0","0","2","6","1","0","Utenfor tettbebyggelse","","","Asfalt, oljegrus","70","Vanlig kjørefelt","Tørr, bar veg","POINT (261528.0 6649197.19999695)","2","2250","Europaveg","18","Eksisterende veg","","301","","","","","","","","2007-05-04","Nøyaktig","","Tunnel (primært for motorkjøretøy)","0","Bilulykke","Påkjøring bakfra","Tirsdag","","2004-11-30","15:45","18.0","i Festningstunnelen","Motorveg","Ukjent"
"121822933","1","2014-10-26","2019-09-01","2014-11-27 13:26:54","OSLO","OSLO","3","0","E","V","18","2","2212","","0.0","","Lettere skadd","","0","0","1","6","1","0","Utenfor tettbebyggelse","","","Asfalt, oljegrus","70","Vanlig kjørefelt","","POINT (261537.0 6649174.0)","2","2261","Europaveg","18","Eksisterende veg","","301","","","Nei","","1","","","2008-01-21","Nøyaktig","","Tunnel (primært for motorkjøretøy)","","Bilulykke","Enslig kjøretøy kjørte utfor på venstre side i høyrekurve","Fredag","","2007-01-05","19:14","21.0","E18 østg, Festningstunnelen v/45 metersmerket","Motorveg",""
"151905270","1","2014-10-26","2019-09-01","2014-11-27 13:26:54","OSLO","OSLO","3","0","E","V","18","2","2235","","0.0","","Drept","","0","1","1","6","0","0","Utenfor tettbebyggelse","","","Asfalt, oljegrus","70","Vanlig kjørefelt","Tørr, bar veg","POINT (261515.0 6649191.0)","2","2284","Europaveg","18","Eksisterende veg","","301","Dagslys","","Nei","","","","","2013-01-04","Nøyaktig","","Tunnel (primært for motorkjøretøy)","-2","Bilulykke","Enslig kjøretøy kjørte utfor på venstre side i høyrekurve","Tirsdag","","2007-11-27","20:45","21.0","Festningstunnelen østgående","Motorveg","God sikt, opphold"
"86455720","1","2014-10-26","2019-09-01","2014-11-27 13:26:54","OSLO","OSLO","3","0","E","V","18","2","2251","","0.0","","Lettere skadd","","0","0","2","","1","0","Ukjent","","","Asfalt, oljegrus","70","Ukjent","Tørr, bar veg","","2","2300","Europaveg","18","Eksisterende veg","","301","Mørkt med vegbelysning","","","","","","","1996-05-05","","","Ukjent","","Bilulykke","Skifte av felt til høyre","Fredag","","1994-10-28","15:10","","","Vanlig veg/gate","God sikt, opphold"
"86407970","1","2014-10-26","2019-09-01","2014-11-27 13:26:54","OSLO","OSLO","3","0","E","V","18","2","2251","","0.0","","Lettere skadd","","0","0","2","6","1","0","Utenfor tettbebyggelse","","","Asfalt, oljegrus","70","Vanlig kjørefelt","Tørr, bar veg","","2","2300","Europaveg","18","Eksisterende veg","","301","Mørkt med vegbelysning","","","","","","","1999-04-09","","","Tunnel (primært for motorkjøretøy)","","Bilulykke","Påkjøring bakfra","Tirsdag","","1999-03-02","12:50","20.7","Festningstunnelen, 900 m før østlig utg.","Motorveg","God sikt, opphold"
"86387448","1","2014-10-26","2019-09-01","2014-11-27 13:26:54","OSLO","OSLO","3","0","E","V","18","2","2251","","0.0","","Lettere skadd","","0","0","2","6","2","0","Utenfor tettbebyggelse","","","Asfalt, oljegrus","70","Vanlig kjørefelt","Våt, bar veg","","2","2300","Europaveg","18","Eksisterende veg","","301","Dagslys","","","","","","","2002-11-28","","","Tunnel (primært for motorkjøretøy)","17","Bilulykke","Kjøring i parallelle kjørefelter forøvrig","Onsdag","","2002-07-10","09:00","20.7","Festningstunnelen retn øst","Motorveg","God sikt, opphold"
"86393055","1","2014-10-26","2019-09-01","2014-11-27 13:26:54","OSLO","OSLO","3","0","E","V","18","2","2251","","0.0","","Lettere skadd","","0","0","2","6","1","0","Utenfor tettbebyggelse","","","Asfalt, oljegrus","70","Vanlig kjørefelt","Tørr, bar veg","","2","2300","Europaveg","18","Eksisterende veg","","301","Tussmørke, skumring","","","","","","","2002-01-04","","","Tunnel (primært for motorkjøretøy)","13","Bilulykke","Skifte av felt til høyre","Fredag","","2001-07-20","10:10","20.7","Festningstunnelen østgående","Vanlig veg/gate","God sikt, opphold"
"86437607","1","2014-10-26","2019-09-01","2014-11-27 13:26:54","OSLO","OSLO","3","0","E","V","18","2","2251","","0.0","","Lettere skadd","","0","0","2","6","1","0","Utenfor tettbebyggelse","","","Asfalt, oljegrus","70","Vanlig kjørefelt","Tørr, bar veg","","2","2300","Europaveg","18","Eksisterende veg","","301","Mørkt med vegbelysning","","","","","","","1997-02-12","","","Bomstasjon","","Bilulykke","Påkjøring bakfra","Torsdag","","1996-06-27","16:40","20.7","Oslotunellen, vestg. løp, i bunnen.","Vanlig veg/gate","God sikt, opphold"
"86398067","1","2014-10-26","2019-09-01","2014-11-27 13:26:54","OSLO","OSLO","3","0","E","V","18","2","2251","","0.0","","Lettere skadd","","0","0","2","6","1","0","Utenfor tettbebyggelse","","","Asfalt, oljegrus","70","Vanlig kjørefelt","Ukjent","","2","2300","Europaveg","18","Eksisterende veg","","301","","","","","","","","2001-01-18","","","Tunnel (primært for motorkjøretøy)","","Bilulykke","Skifte av felt til høyre","Torsdag","","2000-10-26","15:10","20.7","Festningstunnelen østg løp","Vanlig veg/gate","Ukjent"
"86391566","1","2014-10-26","2019-09-01","2014-11-27 13:26:54","OSLO","OSLO","3","0","E","V","18","2","2251","","0.0","","Lettere skadd","","0","0","3","6","3","0","Utenfor tettbebyggelse","","","Asfalt, oljegrus","70","Vanlig kjørefelt","Tørr, bar veg","","2","2300","Europaveg","18","Eksisterende veg","","301","Mørkt med vegbelysning","","","","","","","2002-02-12","","","Tunnel (primært for motorkjøretøy)","0","Bilulykke","Påkjøring bakfra","Torsdag","","2001-12-13","15:35","20.7","Festningstunnelen retn øst","Motorveg","God sikt, opphold"
"86384452","1","2014-10-26","2019-09-01","2014-11-27 13:26:54","OSLO","OSLO","3","0","E","V","18","2","2261","","0.0","","Lettere skadd","","0","0","2","6","2","0","Utenfor tettbebyggelse","","","Asfalt, oljegrus","70","Vanlig kjørefelt","Tørr, bar veg","","2","2310","Europaveg","18","Eksisterende veg","","301","Mørkt med vegbelysning","","","","","","","2003-07-09","","","Tunnel (primært for motorkjøretøy)","3","Bilulykke","Påkjøring bakfra","Mandag","","2003-01-27","16:20","20.7","Østover i Festningstunnelen 100 m etter Dr. Maudsg","Motorveg","God sikt, opphold"
"86437579","1","2014-10-26","2019-09-01","2014-11-27 13:26:54","OSLO","OSLO","3","0","E","V","18","2","2261","","0.0","","Lettere skadd","","0","0","1","6","1","0","Utenfor tettbebyggelse","","","Asfalt, oljegrus","70","Vanlig kjørefelt","Ukjent","","2","2310","Europaveg","18","Eksisterende veg","","301","Mørkt med vegbelysning","","","","","","","1997-02-12","","","Tunnel (primært for motorkjøretøy)","","Bilulykke","Enslig kjøretøy kjørte utfor på venstre side i høyrekurve","Fredag","","1996-06-21","20:30","20.7","Oslotunellen østg. løp, rett før bunnen av tunell.","Vanlig veg/gate","Ukjent"
"86385099","1","2014-10-26","2019-09-01","2014-11-27 13:26:54","OSLO","OSLO","3","0","E","V","18","2","2266","","0.0","","Lettere skadd","","0","0","1","6","1","0","Utenfor tettbebyggelse","","","Asfalt, oljegrus","70","Vanlig kjørefelt","Våt, bar veg","","2","2315","Europaveg","18","Eksisterende veg","","301","Mørkt med vegbelysning","","","","","","","2003-05-21","","","Tunnel (primært for motorkjøretøy)","5","Bilulykke","Enslig kjøretøy kjørte utfor på venstre side i venstrekurve","Lørdag","","2003-02-01","12:52","20.7","E18 Festningstunnelen retn vest","Motorveg","Ukjent"
"86378316","1","2014-10-26","2019-09-01","2014-11-27 13:26:54","OSLO","OSLO","3","0","E","V","18","2","2281","","0.0","","Lettere skadd","","0","0","1","3","1","0","Utenfor tettbebyggelse","","","Asfalt, oljegrus","70","Vanlig kjørefelt","Våt, bar veg","POINT (261479.076873779 6649216.36474609)","2","2330","Europaveg","18","Eksisterende veg","","301","Dagslys","","","","","","","2004-10-28","","","Tunnel (primært for motorkjøretøy)","18","Bilulykke","Enslig kjøretøy kjørte utfor på høyre side i venstrekurve","Torsdag","","2004-08-19","12:09","","Ev18,Festningstunellen r.v.på nivå med Oslo Rådhus","Motorveg","God sikt, nedbør"
"231848590","1","2014-10-26","2019-09-01","2014-11-27 13:26:54","OSLO","OSLO","3","0","E","V","18","2","2291","","0.0","","Alvorlig skadd","","1","0","2","6","4","0","Utenfor tettbebyggelse","","","Asfalt, oljegrus","70","Vanlig kjørefelt","Tørr, bar veg","POINT (261470.8 6649218.9)","2","2340","Europaveg","18","Eksisterende veg","","301","Mørkt med vegbelysning","","Nei","","","","","2009-10-22","Nøyaktig","","Tunnel (primært for motorkjøretøy)","10","Bilulykke","Enslig kjøretøy kjørte utfor på venstre side i høyrekurve","Fredag","","2009-10-02","21:09","21.6","E18 Festningstunnelen østgående i bunnen","Motorveg","God sikt, opphold"
"373925632","1","2014-10-26","2019-09-01","2014-11-27 13:26:54","OSLO","OSLO","3","0","E","V","18","2","2292","","0.0","","Lettere skadd","","0","0","1","6","2","0","Utenfor tettbebyggelse","","","Asfalt, oljegrus","70","Vanlig kjørefelt","Våt, bar veg","POINT (261464.2 6649212.4)","2","2292","Europaveg","18","Eksisterende veg","","301","Mørkt med vegbelysning","","Ja","","3","","","2013-03-12","Nøyaktig","","Tunnel (primært for motorkjøretøy)","","Bilulykke","Enslig kjøretøy kjørte utfor på venstre side i høyrekurve","Søndag","","2012-12-16","22:53","21.6","Festningstunnelen,like før merket '- 45'på v.vegg","Motorveg","God sikt, opphold"
"428442747","1","2014-10-26","2019-09-01","2014-11-27 13:26:54","OSLO","OSLO","3","0","E","V","18","2","2293","","0.0","","Lettere skadd","","0","0","2","6","1","0","Utenfor tettbebyggelse","","","Asfalt, oljegrus","70","Vanlig kjørefelt","Tørr, bar veg","POINT (261459.5 6649207.7)","2","2293","Europaveg","18","Eksisterende veg","","301","Mørkt med vegbelysning","","Nei","","1","","","2014-04-03","Nøyaktig","","Tunnel (primært for motorkjøretøy)","","Bilulykke","Skifte av felt til venstre","Mandag","","2013-07-01","16:40","21.6","","Motorveg","God sikt, opphold"
"579127772","1","2015-01-12","2019-09-01","2015-03-23 13:47:45","OSLO","OSLO","3","0","E","V","18","2","2296","","0.0","","Lettere skadd","","0","0","1","6","1","0","Utenfor tettbebyggelse","","","Asfalt, oljegrus","70","Vanlig kjørefelt","Våt, bar veg","POINT (261468.2 6649233.7)","2","2296","Europaveg","18","Eksisterende veg","","301","Dagslys","","Ja","","1","","","2015-03-23","Tilnærmet","","Tunnel (primært for motorkjøretøy)","3","Bilulykke","Enslig kjøretøy kjørte utfor på høyre side i venstrekurve","Onsdag","","2014-12-31","13:34","20.0","Operatunnelen vestgående, festningsdelen","Motortrafikkveg","God sikt, opphold"
"86448190","1","2014-10-26","2019-09-01","2014-11-27 13:26:54","OSLO","OSLO","3","0","E","V","18","2","2301","","0.0","","Lettere skadd","","0","0","2","","2","0","Ukjent","","","Asfalt, oljegrus","70","Ukjent","Våt, bar veg","","2","2350","Europaveg","18","Eksisterende veg","","301","Mørkt med vegbelysning","","","","","","","1996-05-11","","","Ukjent","","Bilulykke","Enslig kjøretøy kjørte utfor på venstre side i høyrekurve","Søndag","","1995-01-08","21:39","","","Vanlig veg/gate","God sikt, opphold"
"86464820","1","2014-10-26","2019-09-01","2014-11-27 13:26:54","OSLO","OSLO","3","0","E","V","18","2","2301","","0.0","","Meget alvorlig skadd","","0","0","1","","0","1","Utenfor tettbebyggelse","","","Ukjent","70","Ukjent","Tørr, bar veg","","2","2350","Europaveg","18","Eksisterende veg","","301","Mørkt med vegbelysning","","","","","","","","","","Vegstrekning utenfor kryss/avkjørsel","","Bilulykke","Enslig kjøretøy kjørte utfor på venstre side i høyrekurve","Tirsdag","","1991-03-19","08:27","","u/Rådhusplassen","Ukjent","God sikt, opphold"
"86383543","1","2014-10-26","2019-09-01","2014-11-27 13:26:54","OSLO","OSLO","3","0","E","V","18","2","2306","","0.0","","Lettere skadd","","0","0","2","6","1","0","Utenfor tettbebyggelse","","","Asfalt, oljegrus","70","Vanlig kjørefelt","Tørr, bar veg","","2","2355","Europaveg","18","Eksisterende veg","","301","Mørkt med vegbelysning","","","","","","","2003-10-10","","","Tunnel (primært for motorkjøretøy)","","Bilulykke","Skifte av felt til høyre","Mandag","","2003-05-05","15:00","21.3","E18 retn øst Festningstun. v/påkjør.fra Dron.Mauds","Motorveg","God sikt, opphold"
"86373330","1","2014-10-26","2019-09-01","2014-11-27 13:26:54","OSLO","OSLO","3","0","E","V","18","2","2321","","0.0","","Lettere skadd","","0","0","2","6","2","0","Utenfor tettbebyggelse","","","Asfalt, oljegrus","70","Vanlig kjørefelt","Tørr, bar veg","POINT (261438.89654541 6649246.02978516)","2","2370","Europaveg","18","Eksisterende veg","","301","Tussmørke, skumring","","","","","","","2005-11-10","","","Tunnel (primært for motorkjøretøy)","0","Bilulykke","Skifte av felt til venstre","Tirsdag","","2005-06-14","14:32","17.0","E-18, Festningstunnellen, østgående retning","Motorveg","God sikt, opphold"
"86379298","1","2014-10-26","2019-09-01","2014-11-27 13:26:54","OSLO","OSLO","3","0","E","V","18","2","2331","","0.0","","Lettere skadd","","0","0","1","3","1","0","Utenfor tettbebyggelse","","","Asfalt, oljegrus","70","Vanlig kjørefelt","Tørr, bar veg","POINT (261434.157653809 6649219.27197266)","2","2380","Europaveg","18","Eksisterende veg","","301","Dagslys","","","","","","","2004-09-23","","","Tunnel (primært for motorkjøretøy)","0","Bilulykke","Enslig kjøretøy kjørte utfor på venstre side i høyrekurve","Fredag","","2004-04-09","09:34","","Festningstunnelen retn øst","Motorveg","God sikt, opphold"
"86444465","1","2014-10-26","2019-09-01","2014-11-27 13:26:54","OSLO","OSLO","3","0","E","V","18","2","2341","","0.0","","Lettere skadd","","0","0","1","","2","0","Ukjent","","","Asfalt, oljegrus","70","Ukjent","Våt, bar veg","","2","2390","Europaveg","18","Eksisterende veg","","301","Mørkt med vegbelysning","","","","","","","1996-05-19","","","Ukjent","","Bilulykke","Enslig kjøretøy kjørte utfor på høyre side på rett vegstrekning","Søndag","","1995-09-24","21:50","","","Annet (plass mm)","God sikt, nedbør"
"86395413","1","2014-10-26","2019-09-01","2014-11-27 13:26:54","OSLO","OSLO","3","0","E","V","18","2","2351","","0.0","","Lettere skadd","","0","0","1","6","4","0","Utenfor tettbebyggelse","","","Asfalt, oljegrus","70","Vanlig kjørefelt","Tørr, bar veg","","2","2400","Europaveg","18","Eksisterende veg","","301","Mørkt med vegbelysning","","","","","","","2001-07-26","","","Tunnel (primært for motorkjøretøy)","","Bilulykke","Enslig kjøretøy kjørte utfor på venstre side i høyrekurve","Torsdag","","2001-05-31","21:25","20.2","Festningstunnelen","Vanlig veg/gate","God sikt, opphold"
"86382723","1","2014-10-26","2019-09-01","2014-11-27 13:26:54","OSLO","OSLO","3","0","E","V","18","2","2351","","0.0","","Lettere skadd","","0","0","2","6","2","0","Utenfor tettbebyggelse","","","Asfalt, oljegrus","70","Vanlig kjørefelt","Tørr, bar veg","","2","2400","Europaveg","18","Eksisterende veg","","301","Mørkt med vegbelysning","","","","","","","2004-01-21","","","Tunnel (primært for motorkjøretøy)","18","Bilulykke","Skifte av felt til høyre","Fredag","","2003-08-29","13:45","21.3","Ev18 Ibunn av Festningstunnelen retn vest","Motorveg","God sikt, opphold"
"86434178","1","2014-10-26","2019-09-01","2014-11-27 13:26:54","OSLO","OSLO","3","0","E","V","18","2","2351","","0.0","","Lettere skadd","","0","0","1","6","1","0","Utenfor tettbebyggelse","","","Asfalt, oljegrus","70","Vanlig kjørefelt","Glatt ellers","","2","2400","Europaveg","18","Eksisterende veg","","301","Mørkt med vegbelysning","","","","","","","1998-06-09","","","Tunnel (primært for motorkjøretøy)","20","Mc ulykke","Enslig kjøretøy veltet i kjørebanen","Torsdag","","1997-07-03","21:15","21.3","Oslotunnellen, østg. løp.","Motorveg","God sikt, opphold"
"86373325","1","2014-10-26","2019-09-01","2014-11-27 13:26:54","OSLO","OSLO","3","0","E","V","18","2","2351","","0.0","","Lettere skadd","","0","0","2","3","1","0","Utenfor tettbebyggelse","","","Asfalt, oljegrus","70","Vanlig kjørefelt","Tørr, bar veg","POINT (261410.336212158 6649253.89257812)","2","2400","Europaveg","18","Eksisterende veg","","301","Mørkt med vegbelysning","","","","","","","2005-11-10","","","Tunnel (primært for motorkjøretøy)","0","Bilulykke","Påkjøring av forankjørende ved skifte av felt til høyre","Mandag","","2005-06-06","17:35","14.0","E-18 Festningstunnel vestgående, omtrentlig i sent","Motorveg","God sikt, opphold"
"163459805","1","2014-10-26","2019-09-01","2014-11-27 13:26:54","OSLO","OSLO","3","0","E","V","18","2","2352","","0.0","","Lettere skadd","","0","","4","6","1","0","Utenfor tettbebyggelse","","","Asfalt, oljegrus","70","Vanlig kjørefelt","Tørr, bar veg","POINT (261409.0 6649221.0)","2","2401","Europaveg","18","Eksisterende veg","","301","Dagslys","","Nei","","","","","2008-05-22","Tilnærmet","","Tunnel (primært for motorkjøretøy)","","Mc ulykke","Uhell med uklart forløp mellom kjøretøy med samme kjøreretning","Søndag","","2008-05-04","17:46","21.6","Festningstunnelen østgående ca i midt i","Motorveg","God sikt, opphold"
"339500588","1","2014-10-26","2019-09-01","2014-11-27 13:26:54","OSLO","OSLO","3","0","E","V","18","2","2358","","0.0","","Lettere skadd","","0","0","2","4","1","0","Utenfor tettbebyggelse","","","Asfalt, oljegrus","70","Vanlig kjørefelt","Tørr, bar veg","POINT (261405.7 6649227.4)","2","2358","Europaveg","18","Eksisterende veg","","301","Tussmørke, skumring","","Ja","","2","","","2013-01-30","Nøyaktig","","Tunnel (primært for motorkjøretøy)","9","Bilulykke","Påkjøring bakfra","Fredag","","2012-05-04","10:42","21.6","Festningstunnellen retn øst","Vanlig veg/gate","God sikt, opphold"
"86448306","1","2014-10-26","2019-09-01","2014-11-27 13:26:54","OSLO","OSLO","3","0","E","V","18","2","2371","","0.0","","Lettere skadd","","0","0","2","","1","0","Ukjent","","","Asfalt, oljegrus","70","Ukjent","Våt, bar veg","","2","2420","Europaveg","18","Eksisterende veg","","301","Mørkt med vegbelysning","","","","","","","1996-05-11","","","Ukjent","","Bilulykke","Skifte av felt til høyre","Fredag","","1995-01-13","17:40","","","Vanlig veg/gate","God sikt, opphold"
"197892387","1","2014-10-26","2019-09-01","2014-11-27 13:26:54","OSLO","OSLO","3","0","E","V","18","2","2373","","0.0","","Lettere skadd","","0","","2","6","1","0","Utenfor tettbebyggelse","","","Asfalt, oljegrus","60","Vanlig kjørefelt","Våt, bar veg","POINT (261391.8 6649240.4)","2","2422","Europaveg","18","Eksisterende veg","","301","Mørkt med vegbelysning","","","","","","","2008-10-29","Nøyaktig","","Tunnel (primært for motorkjøretøy)","10","Bilulykke","Kjøring i parallelle kjørefelter forøvrig","Onsdag","","2008-10-08","20:55","","Festningstunnelen østgående ca100m før bunnen","Motorveg","God sikt, opphold"
"86385742","1","2014-10-26","2019-09-01","2014-11-27 13:26:54","OSLO","OSLO","3","0","E","V","18","2","2376","","0.0","","Lettere skadd","","0","0","5","6","2","0","Utenfor tettbebyggelse","","","Asfalt, oljegrus","70","Vanlig kjørefelt","Tørr, bar veg","","2","2425","Europaveg","18","Eksisterende veg","","301","Mørkt med vegbelysning","","","","","","","2003-05-08","","","Tunnel (primært for motorkjøretøy)","","Bilulykke","Påkjøring bakfra","Fredag","","2002-10-04","17:29","20.9","Festningstunnelen retn øst","Motorveg","God sikt, opphold"
"197054809","1","2014-10-26","2019-09-01","2014-11-27 13:26:54","OSLO","OSLO","3","0","E","V","18","2","2393","","0.0","","Lettere skadd","","0","","2","6","2","0","Utenfor tettbebyggelse","","","Asfalt, oljegrus","70","Vanlig kjørefelt","","POINT (261369.0 6649237.0)","2","2442","Europaveg","18","Eksisterende veg","","301","Mørkt med vegbelysning","","Nei","","","","","2008-10-09","Nøyaktig","","Tunnel (primært for motorkjøretøy)","","Bilulykke","Påkjøring bakfra","Fredag","","2008-09-26","16:15","21.1","Festningstunnelen østg påkj fra Dronning Maudsgt","Vanlig veg/gate",""
"86381724","1","2014-10-26","2019-09-01","2014-11-27 13:26:54","OSLO","OSLO","3","0","E","V","18","2","2406","","0.0","","Lettere skadd","","0","0","2","7","1","0","Utenfor tettbebyggelse","","","Asfalt, oljegrus","70","Vanlig kjørefelt","Tørr, bar veg","","2","2455","Europaveg","18","Eksisterende veg","","301","Dagslys","","","","","","","2004-04-01","","","Tunnel (primært for motorkjøretøy)","15","Bilulykke","Skifte av felt til venstre","Torsdag","","2003-09-11","14:26","21.2","E18 Festningstunnelen v/påkjør fra D.Maudsg retn ø","Motorveg","God sikt, opphold"
"119354298","1","2014-10-26","2019-09-01","2014-11-27 13:26:54","OSLO","OSLO","3","0","E","V","18","2","2407","","0.0","","Lettere skadd","","0","0","4","3","1","0","Utenfor tettbebyggelse","","","Asfalt, oljegrus","70","Vanlig kjørefelt","Våt, bar veg","POINT (261354.0 6649233.0)","2","2456","Europaveg","18","Eksisterende veg","","301","Ukjent","","Nei","","","","","2007-02-07","Nøyaktig","","Tunnel (primært for motorkjøretøy)","","Bilulykke","Kjøring i parallelle kjørefelter forøvrig","Lørdag","","2006-08-19","14:55","21.1","Festningstunnelen, østgående løp. Nederst i tunnel","Motortrafikkveg","God sikt, opphold"
"178659675","1","2014-10-26","2019-09-01","2014-11-27 13:26:54","OSLO","OSLO","3","0","E","V","18","2","2413","","0.0","","Lettere skadd","","0","0","2","6","2","0","Utenfor tettbebyggelse","","","Asfalt, oljegrus","70","Vanlig kjørefelt","Tørr, bar veg","POINT (261350.0 6649238.0)","2","2462","Europaveg","18","Eksisterende veg","","301","","","Nei","","2","","","2009-06-26","Nøyaktig","","Tunnel (primært for motorkjøretøy)","","Bilulykke","Påkjøring bakfra","Fredag","","2008-07-18","14:40","21.3","Festningstunnelen østgående v/påkj fra Vika","Motorveg","God sikt, opphold"
"230285064","1","2014-10-26","2019-09-01","2014-11-27 13:26:54","OSLO","OSLO","3","0","E","V","18","2","2427","","0.0","","Lettere skadd","","0","0","2","6","1","0","Utenfor tettbebyggelse","","","Asfalt, oljegrus","70","Vanlig kjørefelt","Tørr, bar veg","POINT (261337.4 6649238.2)","2","2476","Europaveg","18","Eksisterende veg","","301","Mørkt med vegbelysning","","Nei","","1","","","2009-09-28","Nøyaktig","","Tunnel (primært for motorkjøretøy)","15","Mc ulykke","Påkjøring bakfra","Mandag","","2009-08-17","17:40","21.3","Festningstunnelen østgående v/påkj fra Dr. Maudsgt","Motorveg","God sikt, opphold"
"469144141","1","2014-10-26","2019-09-01","2014-11-27 13:26:54","OSLO","OSLO","3","0","E","V","18","2","2429","","0.0","","Lettere skadd","","0","0","2","6","1","0","Utenfor tettbebyggelse","","","Asfalt, oljegrus","70","Vanlig kjørefelt","Ukjent","POINT (261336.5 6649247.4)","2","2429","Europaveg","18","Eksisterende veg","","301","Dagslys","","Nei","","1","","","2014-09-12","Nøyaktig","","Tunnel (primært for motorkjøretøy)","","Bilulykke","Skifte av felt til venstre","Tirsdag","","2013-10-22","14:18","21.2","Operatunnelen ved vika","Vanlig veg/gate","Ukjent"
